CityID,Latitude,Longtitude,Nearest City,Max_Temp,Humidity,Cloudiness,Wind Speed
0,-8.921169872,-126.8893412,atuona,27.95,98,92,7.17
1,-77.35729602,-146.7514127,mataura,7.65,79,8,2.12
2,-52.95845806,131.4462437,mount gambier,28.15,27,92,6.12
3,18.99016356,-127.5499868,guerrero negro,13.8,85,92,5.27
4,-28.65176239,-145.69863,mataura,7.65,79,8,2.12
5,2.103166883,-162.1515866,samusu,,,,
6,18.31610445,118.3479586,puro,27.65,76,24,4.77
7,-15.55470066,-170.8081405,lalomanu,,,,
8,-6.923054679,-66.7648614,pauini,23.45,94,88,1.07
9,74.9480651,55.15822006,belushya guba,,,,
10,57.07352866,96.33948331,aban,,,,
11,-6.349277997,-61.21776028,manicore,23.15,96,100,0.87
12,-19.99229788,24.07051302,maun,27,65,0,1.5
13,-32.72862208,-117.1383597,rikitea,27.6,96,64,6.77
14,-55.95200863,66.43413904,saint-philippe,-7,41,75,4.6
15,-5.639505841,75.07248893,hithadhoo,29.3,100,20,6.62
16,20.12727893,-139.9740791,hilo,23,88,20,2.1
17,-49.57635263,-46.90506276,mar del plata,7.75,92,0,3.62
18,-69.60709884,-141.0250663,rikitea,27.6,96,64,6.77
19,-62.53951679,-34.57334028,mar del plata,7.75,92,0,3.62
20,86.84597224,-89.89435676,qaanaaq,-30.35,65,0,3.37
21,39.14385236,-121.6698922,south yuba city,7,86,1,4.1
22,-60.70525596,38.97025323,port alfred,20.65,87,48,6.42
23,88.17332265,168.8881635,pevek,-35.5,55,0,0.87
24,86.72077972,32.92210236,berlevag,1,100,90,4.1
25,-89.27485683,-174.1450887,vaini,28.3,77,80,1.67
26,-25.36435038,-45.90593939,guaruja,21,88,75,2.1
27,-73.96053247,11.44970748,hermanus,20.75,53,24,3.67
28,4.00727401,84.73269362,hambantota,29.2,96,12,6.07
29,26.85593499,5.080360853,warqla,,,,
30,1.714065274,126.3660678,bitung,30,66,40,4.1
31,-46.03491544,94.16752418,busselton,19.35,100,0,8.72
32,68.99103653,84.15387078,karaul,,,,
33,-6.001045718,2.405499073,omboue,27.55,100,88,3.77
34,63.44706863,-97.62861173,thompson,-10,61,75,1.5
35,-39.44191155,91.8987227,busselton,19.35,100,0,8.72
36,-18.22117318,-48.22524002,catalao,19.85,94,64,2.62
37,-11.50121783,-145.1645166,atuona,27.95,98,92,7.17
38,-41.20133189,174.7449755,wellington,14,58,8,1.5
39,-82.5406662,-70.26683237,ushuaia,2,100,75,2.6
40,36.86118544,10.29857795,radis,-6,79,75,6.2
41,-74.16950958,8.391881641,hermanus,20.75,53,24,3.67
42,21.96599627,-149.0991272,hilo,23,88,20,2.1
43,-57.96933439,-15.60354701,cape town,24,38,0,2.6
44,-27.76549546,110.6443442,geraldton,-14,60,5,1.5
45,8.999301703,99.1603383,phun phin,,,,
46,48.60600702,60.67028725,svetlyy,,,,
47,49.51715129,-28.34980295,lagoa,15,77,75,10.8
48,-63.03425985,166.4530493,bluff,30,40,24,3.57
49,-86.309159,10.032747,hermanus,20.75,53,24,3.67
50,88.7934414,41.12998987,belushya guba,,,,
51,85.44552409,-44.3584448,upernavik,-22.5,98,32,8.02
52,-0.098834785,162.0798995,buala,24.75,100,80,2.12
53,-50.14070135,-48.79667206,mar del plata,7.75,92,0,3.62
54,74.43048033,71.10010489,yar-sale,-20.6,83,88,7.72
55,-3.390817472,-62.69186455,codajas,24,95,68,1.47
56,2.008028016,130.3458104,sorong,27.85,100,56,1.97
57,33.11834829,33.46557087,tirat karmel,19,55,20,3.1
58,-39.89706967,-172.4828913,vaini,28.3,77,80,1.67
59,-7.490762339,161.1897572,auki,33,29,0,3.02
60,78.22616637,-54.52037186,upernavik,-22.5,98,32,8.02
61,-35.87209629,35.38153325,margate,26,41,0,6.7
62,19.8282666,-10.00193038,atar,18.35,36,0,6.62
63,-52.94187403,-125.4901869,rikitea,27.6,96,64,6.77
64,62.41598966,46.01568192,krasnoborsk,-17.25,51,68,2.87
65,-16.06793219,-164.8069399,alofi,23,94,24,0.5
66,12.37767699,137.8457716,airai,26.85,56,48,0.72
67,-46.21936523,-127.3340534,rikitea,27.6,96,64,6.77
68,-60.37964388,-66.45818248,ushuaia,2,100,75,2.6
69,-41.07679168,-172.7611504,vaini,28.3,77,80,1.67
70,7.904139739,-19.18905466,bubaque,21,94,0,1.5
71,-45.85951612,-150.0400881,mataura,7.65,79,8,2.12
72,-19.69592244,131.5420042,alice springs,37,10,0,2.6
73,-30.95676119,97.64782779,geraldton,-14,60,5,1.5
74,7.867863487,-142.7763067,hilo,23,88,20,2.1
75,-78.99474879,-163.3724763,mataura,7.65,79,8,2.12
76,-35.63553373,137.2122145,victor harbor,22,78,0,4.6
77,78.64404481,-57.15887144,upernavik,-22.5,98,32,8.02
78,-32.8546402,135.823172,flinders,25,53,0,3.6
79,26.44366133,-64.63164185,hamilton,16,55,40,13.9
80,-34.46512083,-35.92559555,arraial do cabo,26.1,91,56,3.77
81,-58.30713424,-153.1107215,mataura,7.65,79,8,2.12
82,86.94937589,-113.3439311,yellowknife,-12,78,40,3.6
83,54.67368771,95.87048773,irbeyskoye,-1.9,93,0,1.62
84,-13.03245123,150.4432328,samarai,25.7,100,92,2.42
85,-63.16995541,130.2923347,new norfolk,26,41,0,6.7
86,66.38142993,56.06035358,usinsk,-16.75,88,88,3.17
87,23.89400781,126.9246769,hirara,22,73,75,5.1
88,6.053966517,7.962557413,afikpo,26.8,94,64,3.47
89,85.6858242,65.91803053,amderma,,,,
90,70.58160198,-74.28066801,clyde river,-29,68,75,5.1
91,-53.52549047,-70.47777523,punta arenas,6,70,75,6.7
92,-11.75508748,-44.39606479,riachao das neves,19.15,91,56,1.42
93,66.42477939,158.109209,cherskiy,-33.3,0,0,1.22
94,85.25156945,25.43945529,longyearbyen,0,82,75,9.8
95,33.45736403,-49.46852789,torbay,-2,100,90,2.6
96,-17.21849353,-63.76988962,san carlos,22.9,77,0,2.67
97,-69.53840382,-70.61093701,ushuaia,2,100,75,2.6
98,-6.861280216,56.98820028,victoria,30,83,75,4.1
99,65.06088542,149.0477262,zyryanka,-27.8,53,0,2.62
100,-37.95472312,46.47296704,tsihombe,,,,
101,-74.89229033,-163.2665664,mataura,7.65,79,8,2.12
102,-12.29736878,-11.70774573,georgetown,23,94,20,3.07
103,24.29846474,-152.0144748,hilo,23,88,20,2.1
104,46.69506053,136.2355069,vostok,-2.95,63,0,3.22
105,7.971572523,95.40771322,sabang,26.85,87,56,5.27
106,-34.36975514,-169.0583641,vaini,28.3,77,80,1.67
107,35.31535998,-77.36688528,kinston,2,72,1,1.72
108,-9.749061005,-24.61836236,georgetown,23,94,20,3.07
109,-51.23616702,165.2197784,bluff,30,40,24,3.57
110,79.12120043,-37.74254718,tasiilaq,-1,63,92,4.1
111,17.27811631,-54.77244355,bathsheba,25,78,20,7.7
112,-85.0012188,-139.4594358,rikitea,27.6,96,64,6.77
113,71.19244051,31.64590182,vardo,2,37,1,4.1
114,33.10148759,-112.5828897,buckeye,17,66,1,3.1
115,16.58645933,57.96694927,salalah,28,58,20,4.1
116,17.18223612,138.1627077,airai,26.85,56,48,0.72
117,-51.09115882,67.42309011,saint-philippe,-7,41,75,4.6
118,-3.739366474,54.51079007,victoria,30,83,75,4.1
119,-19.80376882,143.8081337,charters towers,26,68,12,2.42
120,32.17182396,-126.7412841,pacific grove,8,87,90,2.52
121,-5.473002779,-84.34244902,talara,23.6,71,80,1.37
122,-37.07708127,18.84424919,hermanus,20.75,53,24,3.67
123,64.33160197,90.48036942,turukhansk,-23.4,70,36,3.02
124,-86.67744082,124.0040148,new norfolk,26,41,0,6.7
125,-38.92564647,2.181650249,saldanha,4.15,100,36,2.22
126,-15.25390915,-40.86460746,itambe,20.35,99,100,2.07
127,61.95325833,-42.88057169,nanortalik,-0.05,90,24,12.12
128,-47.00395382,-39.86686951,chuy,17.8,96,0,4.27
129,-34.81377842,22.01745661,george,29,83,20,2.1
130,50.58359793,-140.0644769,sitka,5.5,56,0,3.97
131,-50.22882108,147.4793434,hobart,26,41,0,6.7
132,45.12600948,57.88200148,beyneu,9,73,44,2.07
133,9.480454675,-87.88172828,santa cruz,8,87,40,2.6
134,47.6349713,177.2780965,nikolskoye,-7,67,40,4
135,-75.82980737,11.27317011,hermanus,20.75,53,24,3.67
136,-87.55652121,-154.0074319,mataura,7.65,79,8,2.12
137,-9.124882979,-3.862792412,jamestown,27.9,23,0,3.82
138,-54.86164723,51.42702643,tsihombe,,,,
139,35.65823562,175.3891417,nikolskoye,-7,67,40,4
140,60.35817335,-131.7693604,whitehorse,-3,79,5,1.5
141,65.33987341,165.8653986,bilibino,-33.05,41,20,1.07
142,27.25610687,54.01679016,gerash,26,24,90,5.1
143,-53.55208099,23.19465823,bredasdorp,23,56,0,10.3
144,-48.86161527,32.05195378,port alfred,20.65,87,48,6.42
145,-39.50526943,41.60934525,margate,26,41,0,6.7
146,-74.8084257,38.93656428,port alfred,20.65,87,48,6.42
147,31.38713383,-124.1677678,lompoc,8,93,75,3.27
148,-60.99238701,77.48164655,souillac,7,87,0,1.5
149,-60.34337972,-20.35323864,cidreira,18.65,97,56,3.57
150,87.07305268,169.5164132,pevek,-35.5,55,0,0.87
151,-64.86427197,-38.68187766,ushuaia,2,100,75,2.6
152,26.34956537,120.5342999,jiaocheng,23.85,59,44,1.57
153,53.58879679,139.4471103,mnogovershinnyy,-12.75,49,0,1.92
154,-19.14077352,152.6566934,mackay,-3,100,1,1
155,-44.21644805,44.20564232,tsihombe,,,,
156,1.473036723,141.1559968,vanimo,28.3,100,0,7.17
157,-66.81517833,62.65329492,taolanaro,,,,
158,80.66995755,-25.01036462,illoqqortoormiut,,,,
159,29.57880154,111.2875354,changde,9.1,100,88,2.42
160,22.99857255,-32.82928011,ponta do sol,18.75,97,36,1.22
161,-4.854180285,-97.05032236,puerto ayora,25.15,100,32,1.17
162,-58.93123646,127.3969754,mount gambier,28.15,27,92,6.12
163,29.43666256,-19.50255866,los llanos de aridane,17,55,20,2.6
164,-1.212569015,99.96793242,padang,29,100,12,2.07
165,74.38873123,9.398078225,barentsburg,,,,
166,-81.80251569,-135.5927632,rikitea,27.6,96,64,6.77
167,10.09062669,-40.91947564,carutapera,26.25,89,64,3.32
168,-24.06726959,177.3318574,isangel,27.95,99,0,7.62
169,-76.68052663,-10.81101597,cape town,24,38,0,2.6
170,-16.62620795,115.4636903,karratha,39,20,0,4.82
171,3.293835944,17.32866525,mbaiki,26.6,87,64,1.52
172,6.801709856,-40.78753952,cururupu,25.25,89,24,2.47
173,-80.92593694,58.94964661,east london,21,68,20,3.1
174,12.07865531,178.0209415,butaritari,28.6,99,24,2.52
175,-51.29945216,-109.0711136,castro,7.65,100,44,1.47
176,30.50244399,-73.71076693,marsh harbour,18.85,100,0,2.02
177,61.78920909,-28.83401049,olafsvik,,,,
178,-60.41556996,-99.57264813,punta arenas,6,70,75,6.7
179,37.0795678,121.3711163,ninghai,13,66,75,6
180,32.90181724,-168.4016944,kapaa,23,94,90,1.87
181,61.88598072,-139.0409855,haines junction,-13.25,72,0,0.92
182,15.71996192,-107.9543261,san patricio,26.15,83,32,2.02
183,8.940159403,179.3425156,butaritari,28.6,99,24,2.52
184,-83.35460682,30.7439232,port elizabeth,-1,58,1,2.6
185,-56.52953829,-43.23622178,mar del plata,7.75,92,0,3.62
186,-37.15225096,55.33513331,taolanaro,,,,
187,-66.34782851,-125.6910936,rikitea,27.6,96,64,6.77
188,56.50847566,69.23475623,uspenka,3.5,100,92,6.87
189,79.12013623,-70.7925405,qaanaaq,-30.35,65,0,3.37
190,13.94433023,73.10803327,karwar,30.85,56,32,0.87
191,-77.35699121,-104.160372,punta arenas,6,70,75,6.7
192,-12.54114691,-69.72272901,puerto maldonado,22.3,100,92,0.17
193,-71.4716794,-137.1563363,rikitea,27.6,96,64,6.77
194,-84.15542944,-125.4973373,rikitea,27.6,96,64,6.77
195,52.70928475,127.0847339,sivaki,-1.3,43,56,2.82
196,84.38132204,8.586879728,barentsburg,,,,
197,23.53787472,-177.5266478,kapaa,23,94,90,1.87
198,6.72189186,128.4217679,san isidro,27.35,74,48,2.62
199,-55.43212871,158.9903654,tuatapere,12.25,100,24,3.07
200,-16.58972486,-94.44339228,puerto ayora,25.15,100,32,1.17
201,-1.536755084,159.3003053,kieta,23.15,100,92,2.22
202,-10.56472634,-85.75628779,pimentel,24.1,96,88,1.22
203,-45.07039949,-121.556034,rikitea,27.6,96,64,6.77
204,-55.35320339,-65.18207212,ushuaia,2,100,75,2.6
205,-68.97182591,127.0995807,new norfolk,26,41,0,6.7
206,80.78542941,7.838277706,barentsburg,,,,
207,15.91929011,75.75440626,badami,30.95,50,36,2.72
208,33.99862286,62.08370672,herat,24,22,20,4.1
209,-65.45795389,-98.04017107,punta arenas,6,70,75,6.7
210,42.56293985,150.2336577,sentyabrskiy,,,,
211,-45.56520429,-58.89347901,viedma,14.45,95,0,3.42
212,-65.55754045,-174.7589277,vaini,28.3,77,80,1.67
213,13.10439006,-77.20557582,puerto colombia,27,83,20,4.1
214,-37.10795837,151.3613017,batemans bay,21.8,84,0,1.87
215,61.29322488,179.2871793,beringovskiy,-7.85,96,80,12.42
216,-65.24982649,143.159945,hobart,26,41,0,6.7
217,84.94754291,21.22979526,longyearbyen,0,82,75,9.8
218,-27.58321144,-81.23703117,coquimbo,10,93,0,2.6
219,-72.43585407,131.3543078,new norfolk,26,41,0,6.7
220,4.250606296,-17.35454114,goderich,-4.25,75,0,5.72
221,-13.68545699,-99.15173579,puerto ayora,25.15,100,32,1.17
222,-76.60693428,-160.090676,mataura,7.65,79,8,2.12
223,29.75083114,19.70760138,ajdabiya,26.4,22,0,8.07
224,-77.81369936,-159.0812099,mataura,7.65,79,8,2.12
225,46.43040485,112.44867,baruun-urt,7.1,26,0,4.82
226,-73.10567081,-4.223936027,hermanus,20.75,53,24,3.67
227,-46.53487478,13.53809075,hermanus,20.75,53,24,3.67
228,-18.45058815,135.7759887,ngukurr,,,,
229,-37.70662192,-13.38886949,jamestown,27.9,23,0,3.82
230,-6.713178977,-131.2748351,atuona,27.95,98,92,7.17
231,48.915544,171.6712778,nikolskoye,-7,67,40,4
232,59.94030037,-155.7851871,kodiak,3,86,90,6.2
233,-87.31327937,121.5605078,new norfolk,26,41,0,6.7
234,-79.43788297,78.75078253,busselton,19.35,100,0,8.72
235,36.43048925,-168.6976132,kapaa,23,94,90,1.87
236,47.37460533,-79.99683817,haileybury,-10,33,1,7.2
237,-78.97673327,-37.07888955,ushuaia,2,100,75,2.6
238,-44.55651902,67.05677048,saint-philippe,-7,41,75,4.6
239,-62.01446461,86.78622897,busselton,19.35,100,0,8.72
240,-10.04037788,141.4873489,morehead,4,38,75,2.1
241,-2.139212973,136.2933531,biak,24.35,100,68,1.67
242,54.04757965,-31.18564423,grindavik,6,93,90,7.2
243,-32.18648164,-87.68257985,lebu,21.6,55,32,2.67
244,32.41327125,58.66705247,birjand,22,13,75,9.3
245,-8.34541977,70.53677379,hithadhoo,29.3,100,20,6.62
246,-73.98604915,99.06126092,albany,-4,53,20,6.7
247,-23.70866908,49.310077,farafangana,24.2,100,92,5.67
248,74.75610141,-106.2676743,yellowknife,-12,78,40,3.6
249,-63.01127153,-178.7203001,vaini,28.3,77,80,1.67
250,-40.57902264,-101.4667765,ancud,9.4,98,100,0.92
251,-57.11340851,-109.7196068,castro,7.65,100,44,1.47
252,79.87161287,151.1057714,chokurdakh,-34.5,0,0,3.92
253,-53.62574029,97.1769325,busselton,19.35,100,0,8.72
254,30.96733674,82.32553194,jumla,2.4,67,80,0.97
255,21.88379746,174.7330989,butaritari,28.6,99,24,2.52
256,15.12787399,-92.91287191,acapetahua,,,,
257,-51.58092111,-141.3462136,rikitea,27.6,96,64,6.77
258,41.96739646,18.77481865,ulcinj,17,93,90,2.6
259,-75.56178424,29.73606862,port elizabeth,-1,58,1,2.6
260,78.21246125,-143.8886976,aklavik,-11,85,90,1.5
261,10.89783275,-66.74301217,caraballeda,23,88,20,1.5
262,-31.35874756,43.34486123,beloha,35.7,31,0,3.92
263,-40.76020027,-137.0540309,rikitea,27.6,96,64,6.77
264,12.11932625,-172.7596235,kapaa,23,94,90,1.87
265,75.38132283,139.7329474,nizhneyansk,,,,
266,-33.28866272,-160.1284664,avarua,24,88,40,1
267,9.335292096,-120.3126553,cabo san lucas,20,60,5,2.82
268,-42.90453852,-48.07082528,rocha,14.7,93,0,2.77
269,87.22093191,53.01923591,belushya guba,,,,
270,76.16996901,-45.75198075,ilulissat,-21,76,24,1.5
271,-35.42497727,-96.35579193,lebu,21.6,55,32,2.67
272,-20.0594138,99.29728911,palabuhanratu,,,,
273,9.79845142,-147.5592203,hilo,23,88,20,2.1
274,-46.76246866,-68.29153445,comodoro rivadavia,10,61,0,5.1
275,-66.84569604,-44.60913761,ushuaia,2,100,75,2.6
276,64.12677404,139.0412441,khandyga,-24.65,38,0,1.17
277,-76.6062222,-42.44890265,ushuaia,2,100,75,2.6
278,45.35483189,-165.7493976,bethel,-3,92,90,3.6
279,54.10856594,-80.82102556,attawapiskat,,,,
280,-17.79243002,-114.4672211,rikitea,27.6,96,64,6.77
281,35.47900034,48.48584657,bahar,10,74,40,8.2
282,86.18483065,-13.46699742,illoqqortoormiut,,,,
283,-77.30852796,-91.5159357,punta arenas,6,70,75,6.7
284,-74.33863777,60.7491747,taolanaro,,,,
285,-10.44082097,72.90060413,hithadhoo,29.3,100,20,6.62
286,-51.91172274,121.2758044,albany,-4,53,20,6.7
287,-31.09343583,-84.18824199,lebu,21.6,55,32,2.67
288,55.72095065,67.48722023,armizonskoye,-2.35,85,80,7.82
289,-38.61402356,109.9246852,busselton,19.35,100,0,8.72
290,57.81776824,25.68273545,seda,-7.3,98,0,3.37
291,79.03660803,131.3625128,tiksi,-31.85,38,12,2.07
292,27.49419914,-52.07361997,saint george,17,63,40,2.1
293,18.72190977,-22.61219752,santa maria,16.4,92,8,1.52
294,61.41218104,-79.36481009,attawapiskat,,,,
295,70.56155131,-165.1074231,nome,21,94,90,2.1
296,6.245235966,125.9574745,surop,,,,
297,-30.92655137,-49.7877979,cidreira,18.65,97,56,3.57
298,80.79880423,10.64825227,barentsburg,,,,
299,38.062499,93.11513164,hami,15.65,48,0,2.17
300,-77.44001274,21.82848525,bredasdorp,23,56,0,10.3
301,71.40840041,26.61573033,honningsvag,-0.2,99,76,9.37
302,-3.75222659,158.071318,kieta,23.15,100,92,2.22
303,22.87055418,56.41493534,nizwa,30.6,15,0,3.52
304,26.35864359,-133.1768409,lompoc,8,93,75,3.27
305,-9.243237932,22.5696273,luau,26.7,80,0,1.47
306,69.83319194,-125.4555518,norman wells,-2,79,90,1.5
307,-27.52895549,-87.59955337,coquimbo,10,93,0,2.6
308,56.5033107,109.3088169,nizhneangarsk,-4.9,70,76,3.22
309,-23.33898231,-131.7582603,rikitea,27.6,96,64,6.77
310,-78.71195185,-125.6461942,rikitea,27.6,96,64,6.77
311,41.09049034,167.9291353,nikolskoye,-7,67,40,4
312,-15.10911131,17.76188114,menongue,20.25,92,48,1.47
313,-31.35922782,127.0944686,esperance,25.7,80,92,3.17
314,-84.87515006,-116.1954073,punta arenas,6,70,75,6.7
315,82.52077116,-100.7106829,yellowknife,-12,78,40,3.6
316,-36.81602867,-157.0030241,mataura,7.65,79,8,2.12
317,62.40240981,-64.55279003,pangnirtung,-18.05,76,88,3.67
318,-86.04961456,119.262932,albany,-4,53,20,6.7
319,-75.20473688,-23.95809369,ushuaia,2,100,75,2.6
320,-73.55817185,-177.6482364,vaini,28.3,77,80,1.67
321,25.64515291,149.3559094,katsuura,9,45,0,4.1
322,27.50882028,153.4977153,hasaki,8,45,20,4.6
323,-59.82841345,-37.89250058,mar del plata,7.75,92,0,3.62
324,29.64786936,-83.98827778,tallahassee,13,93,40,1.07
325,34.88402401,-163.8996855,kapaa,23,94,90,1.87
326,-25.00663972,36.57049011,inhambane,29,79,40,5.1
327,-44.97646612,-128.5433947,rikitea,27.6,96,64,6.77
328,-15.08251074,11.90488248,namibe,24.15,100,100,1.62
329,-15.818746,146.1788402,cairns,28,74,75,6.7
330,-79.7073884,156.220936,bluff,30,40,24,3.57
331,87.94342249,1.254610634,barentsburg,,,,
332,-21.02291425,-106.0293274,puerto ayora,25.15,100,32,1.17
333,23.80069975,-152.7158265,hilo,23,88,20,2.1
334,30.34648874,46.68241523,khorramshahr,26,41,36,5.1
335,76.04851829,150.1368188,chokurdakh,-34.5,0,0,3.92
336,87.17943846,36.59328661,vardo,2,37,1,4.1
337,-3.28449481,104.0363446,prabumulih,30.45,82,32,1.67
338,31.54634759,137.3602944,shingu,11,57,20,3.1
339,-83.65416187,-76.90367237,ushuaia,2,100,75,2.6
340,-5.509775183,84.68232535,hambantota,29.2,96,12,6.07
341,7.832860162,173.2384632,butaritari,28.6,99,24,2.52
342,71.83242263,-17.68238178,illoqqortoormiut,,,,
343,9.055098562,-130.113088,atuona,27.95,98,92,7.17
344,-58.27322974,13.96295403,hermanus,20.75,53,24,3.67
345,-61.66539759,174.757036,kaitangata,11.05,69,0,6.12
346,13.80682354,87.80242939,port blair,28,100,0,4.22
347,10.86391099,-90.08024173,la libertad,11,76,40,0.42
348,-64.35217944,-85.33206901,punta arenas,6,70,75,6.7
349,73.98538905,-139.6740313,aklavik,-11,85,90,1.5
350,70.47518971,-140.0240654,aklavik,-11,85,90,1.5
351,-88.78798539,-113.2253492,punta arenas,6,70,75,6.7
352,14.82164664,52.3448337,salalah,28,58,20,4.1
353,-76.8217292,-52.48838057,ushuaia,2,100,75,2.6
354,79.23953104,-100.6759119,yellowknife,-12,78,40,3.6
355,-73.81795771,179.8306171,kaitangata,11.05,69,0,6.12
356,3.595600614,121.5460501,sapa,32,52,20,6.2
357,-47.67187474,-13.31856028,jamestown,27.9,23,0,3.82
358,-14.20048164,-179.6887105,halalo,,,,
359,-48.86463756,-108.5574074,castro,7.65,100,44,1.47
360,43.8766614,60.55523301,karauzyak,,,,
361,-83.5001229,139.0031871,hobart,26,41,0,6.7
362,0.475653961,-81.26720993,muisne,21.65,98,92,1.42
363,-54.17681915,44.5798189,east london,21,68,20,3.1
364,-79.39014218,-71.8412868,ushuaia,2,100,75,2.6
365,4.882603382,106.3064745,paka,9,100,90,4.6
366,-36.16757447,176.2573814,whitianga,20.6,100,76,12.87
367,56.05833456,29.33435485,pustoshka,-7.4,83,0,4.82
368,53.99501223,167.8905128,nikolskoye,-7,67,40,4
369,-50.0065212,-39.33252334,chuy,17.8,96,0,4.27
370,82.53927612,50.27154097,belushya guba,,,,
371,1.658796951,-2.588398506,axim,26.55,100,64,5.37
372,49.322377,92.28002725,ulaangom,-1.55,89,32,1.37
373,25.72414577,-71.68936899,cockburn town,22.9,100,88,7.32
374,-83.53546838,116.7040213,albany,-4,53,20,6.7
375,-61.61454815,-80.17971235,punta arenas,6,70,75,6.7
376,77.05984208,117.1040465,saskylakh,-28.4,56,32,3.97
377,25.79176987,111.3949212,lengshuitan,15.5,100,88,1.67
378,4.120140858,22.15081842,ouango,30.25,76,0,1.32
379,-81.40794592,-10.84793642,cape town,24,38,0,2.6
380,-0.286764913,149.9511874,kavieng,28.5,100,68,5.37
381,75.699556,-176.8010539,mys shmidta,,,,
382,-65.03326099,91.0619135,busselton,19.35,100,0,8.72
383,-35.34528282,-29.32605763,arraial do cabo,26.1,91,56,3.77
384,-89.95775072,35.21263859,port elizabeth,-1,58,1,2.6
385,63.345152,-89.56455504,thompson,-10,61,75,1.5
386,-57.94237892,-44.21805054,mar del plata,7.75,92,0,3.62
387,-82.35355481,81.91966727,busselton,19.35,100,0,8.72
388,-73.95375718,-21.60216693,ushuaia,2,100,75,2.6
389,23.3594364,7.797722462,gat,21.25,71,64,5.67
390,2.712838447,-83.58432585,muisne,21.65,98,92,1.42
391,-81.81599821,149.6116085,hobart,26,41,0,6.7
392,54.04693688,110.7904591,kurumkan,-6,76,80,2.32
393,-85.22629864,68.83944619,taolanaro,,,,
394,-80.62679429,-44.45818558,ushuaia,2,100,75,2.6
395,-45.78288416,65.32427057,saint-philippe,-7,41,75,4.6
396,-63.03711078,-95.10300315,punta arenas,6,70,75,6.7
397,-62.75262459,-100.0140334,punta arenas,6,70,75,6.7
398,9.872497009,172.6470818,butaritari,28.6,99,24,2.52
399,53.9497129,121.3018172,amazar,-1.85,50,76,3.47
400,61.1349227,-163.8293471,bethel,-3,92,90,3.6
401,-79.86417472,-10.78536068,cape town,24,38,0,2.6
402,14.94106418,-167.6629524,kapaa,23,94,90,1.87
403,49.35147541,-101.861728,carnduff,-17.9,51,0,2.12
404,-82.88606145,-32.45107519,ushuaia,2,100,75,2.6
405,13.42893719,-88.46877282,santiago de maria,25,88,20,0.5
406,23.20247469,28.30848048,aswan,29,17,0,3.6
407,-40.79545936,-159.5105558,avarua,24,88,40,1
408,-75.90107186,90.3099658,busselton,19.35,100,0,8.72
409,24.73108952,36.33333823,umm lajj,28.3,56,0,3.82
410,-75.84587066,-7.507544681,cape town,24,38,0,2.6
411,57.60800969,-166.7917755,bethel,-3,92,90,3.6
412,13.42457671,59.48854902,salalah,28,58,20,4.1
413,-71.9320471,-57.90216507,ushuaia,2,100,75,2.6
414,-72.73715444,-166.9879367,avarua,24,88,40,1
415,60.73286883,-82.14549119,attawapiskat,,,,
416,81.35697175,-55.68274998,upernavik,-22.5,98,32,8.02
417,-30.02042124,-98.07972554,lebu,21.6,55,32,2.67
418,-16.66755001,77.28007111,hithadhoo,29.3,100,20,6.62
419,9.136634692,-68.57007728,san carlos,22.9,77,0,2.67
420,-22.07550419,145.5319936,charters towers,26,68,12,2.42
421,38.93289804,-162.6761589,kapaa,23,94,90,1.87
422,37.00936264,-102.92328,lamar,0,65,1,3.97
423,-71.31232014,-129.4621364,rikitea,27.6,96,64,6.77
424,-32.0360016,99.6761794,geraldton,-14,60,5,1.5
425,84.93129874,171.3345952,pevek,-35.5,55,0,0.87
426,44.5879561,148.8276988,sentyabrskiy,,,,
427,24.40266424,-43.18141414,ponta do sol,18.75,97,36,1.22
428,-47.69806595,-175.9184352,vaini,28.3,77,80,1.67
429,-30.0782602,-30.35012791,sao joao da barra,24.65,100,80,4.62
430,41.20889429,135.863312,preobrazheniye,-1.4,65,0,2.07
431,-82.137705,14.8755798,bredasdorp,23,56,0,10.3
432,19.83198541,32.77398662,marawi,23.2,95,48,1.17
433,-51.32913689,157.996449,tuatapere,12.25,100,24,3.07
434,-32.18587877,-50.73048681,rio grande,18.75,98,0,4.17
435,52.23693059,94.51539698,kyzyl,-2.75,93,0,1.32
436,-22.08708977,37.86816676,inhambane,29,79,40,5.1
437,-7.327900606,45.91696489,mitsamiouli,29,79,75,2.6
438,-50.6265801,158.35273,tuatapere,12.25,100,24,3.07
439,-77.2767306,-156.0176442,mataura,7.65,79,8,2.12
440,13.87027056,-116.7887184,cabo san lucas,20,60,5,2.82
441,84.18808401,-74.89580179,qaanaaq,-30.35,65,0,3.37
442,53.0646593,48.00340331,balasheyka,-6.45,94,76,3.52
443,-8.460141383,93.79886049,bengkulu,,,,
444,-77.72923267,128.3990735,new norfolk,26,41,0,6.7
445,-59.12240326,116.9288064,albany,-4,53,20,6.7
446,83.35207782,-105.3104867,yellowknife,-12,78,40,3.6
447,48.6538845,82.53103046,kurchum,-1.55,100,80,2.12
448,-55.22023335,125.1657634,albany,-4,53,20,6.7
449,-21.16767048,-166.1665607,alofi,23,94,24,0.5
450,-55.61939877,-41.92807517,mar del plata,7.75,92,0,3.62
451,-18.86912523,36.91126055,quelimane,31,62,75,6.2
452,42.78495713,104.3336172,hovd,-4,60,0,4.1
453,7.957812272,-18.32712187,bubaque,21,94,0,1.5
454,-2.894408294,-34.51048375,touros,24.7,97,0,3.07
455,87.84833229,-21.78978082,illoqqortoormiut,,,,
456,-64.00265489,-105.4412308,punta arenas,6,70,75,6.7
457,8.755745943,-29.07405464,sao filipe,20.8,98,0,7.62
458,-36.44302332,105.1019307,busselton,19.35,100,0,8.72
459,57.15192043,96.58914313,aban,,,,
460,5.442429161,-4.102184769,anyama,24,94,20,4.6
461,-7.653137451,83.64024345,hithadhoo,29.3,100,20,6.62
462,-17.6871221,-61.00118772,san jose,28.35,59,12,2.17
463,-49.77395898,164.4715624,tuatapere,12.25,100,24,3.07
464,-44.45236271,-95.22779035,castro,7.65,100,44,1.47
465,-37.65429616,-147.3163052,mataura,7.65,79,8,2.12
466,-71.99068358,-126.9377797,rikitea,27.6,96,64,6.77
467,-35.97223114,5.788428398,saldanha,4.15,100,36,2.22
468,32.35369896,109.0592209,ankang,3.8,94,92,1.07
469,76.7903737,47.23194262,belushya guba,,,,
470,33.1462758,-59.19817977,saint george,17,63,40,2.1
471,-55.37340545,159.9451691,tuatapere,12.25,100,24,3.07
472,-72.00943247,160.5871671,bluff,30,40,24,3.57
473,-69.6052012,-171.1861829,vaini,28.3,77,80,1.67
474,-21.55218337,-46.76750103,caconde,16.7,96,0,1.22
475,-57.45215761,-61.0378161,ushuaia,2,100,75,2.6
476,-32.48813184,-55.26673357,tacuarembo,16.65,79,68,3.97
477,80.58329699,141.8728827,nizhneyansk,,,,
478,-57.16871681,69.45105872,saint-philippe,-7,41,75,4.6
479,-73.99397877,118.0488597,albany,-4,53,20,6.7
480,-79.43653385,-83.67729136,ushuaia,2,100,75,2.6
481,-18.7400979,115.8154336,karratha,39,20,0,4.82
482,67.85127497,-67.65315796,pangnirtung,-18.05,76,88,3.67
483,33.26435014,77.85003605,leh,-13.05,86,8,0.87
484,44.33614401,-42.02071606,torbay,-2,100,90,2.6
485,1.403049505,-134.6831891,atuona,27.95,98,92,7.17
486,72.66658293,-51.30008274,ilulissat,-21,76,24,1.5
487,-31.93444137,-95.75260186,lebu,21.6,55,32,2.67
488,-40.10853087,-14.7352736,jamestown,27.9,23,0,3.82
489,-58.25410387,-138.1729617,rikitea,27.6,96,64,6.77
490,-73.60266249,2.951551571,hermanus,20.75,53,24,3.67
491,17.07057827,-70.83635399,barahona,25,100,32,2.97
492,88.51214494,175.2121563,leningradskiy,-32.9,43,8,0.52
493,13.41699635,120.2958416,harrison,3,74,90,3.1
494,12.80658569,-117.7598897,cabo san lucas,20,60,5,2.82
495,-30.70765655,147.4695796,dubbo,34,16,0,3.1
496,80.06263659,70.79038524,dikson,-24.6,100,0,3.62
497,-88.97101405,-84.28649901,ushuaia,2,100,75,2.6
498,88.16275909,-12.84093861,illoqqortoormiut,,,,
499,-83.00059767,-169.8352184,vaini,28.3,77,80,1.67
500,44.81986813,-103.695854,belle fourche,0,100,0,2.6
501,84.43546608,22.0617341,longyearbyen,0,82,75,9.8
502,37.49819733,135.7739274,wajima,3,69,0,3.1
503,78.62370206,48.95892448,belushya guba,,,,
504,-26.50121306,-102.7906976,puerto ayora,25.15,100,32,1.17
505,-13.81473886,48.55784939,ambanja,22.2,100,92,2.62
506,6.358112553,-130.3351153,atuona,27.95,98,92,7.17
507,-52.87890148,54.60935941,taolanaro,,,,
508,38.40721503,15.12096347,lipari,20,64,0,3.6
509,-6.587410755,79.8625469,hithadhoo,29.3,100,20,6.62
510,85.76824998,59.45604357,belushya guba,,,,
511,25.46488495,-68.95415813,cockburn town,22.9,100,88,7.32
512,-88.55016602,105.2351685,albany,-4,53,20,6.7
513,14.84657841,148.0551068,airai,26.85,56,48,0.72
514,-0.306926648,-136.7705838,atuona,27.95,98,92,7.17
515,33.70138145,-136.8508506,fortuna,13,54,0,3.6
516,27.70180815,125.5518678,yomitan,,,,
517,-89.65021782,-57.63346107,ushuaia,2,100,75,2.6
518,87.41059547,61.74112014,amderma,,,,
519,83.78992212,-91.55212864,qaanaaq,-30.35,65,0,3.37
520,69.48228926,-75.01385223,clyde river,-29,68,75,5.1
521,9.600485916,31.13598202,malakal,,,,
522,-88.51727396,-155.1472882,mataura,7.65,79,8,2.12
523,35.94266231,-79.70316142,greensboro,7,26,40,2.67
524,-84.45757317,98.71123286,albany,-4,53,20,6.7
525,54.31972444,159.7951761,milkovo,13,76,64,1
526,-10.01262204,-178.2221836,vaitupu,,,,
527,63.16270753,-6.997580141,leirvik,-3,35,0,2.6
528,81.18985492,-125.8752688,tuktoyaktuk,-16,58,20,5.7
529,58.64937486,-12.27411229,ballina,3,86,75,10.3
530,-38.90095604,139.6972353,mount gambier,28.15,27,92,6.12
531,-25.24977616,-73.98865748,taltal,10.6,100,44,0.42
532,-79.86355741,-10.99755963,cape town,24,38,0,2.6
533,-42.2440525,-50.1974149,mar del plata,7.75,92,0,3.62
534,-10.92297802,-105.3897426,puerto ayora,25.15,100,32,1.17
535,65.9290452,-120.6089023,norman wells,-2,79,90,1.5
536,-45.2723503,134.0442313,mount gambier,28.15,27,92,6.12
537,-77.90446424,-146.610741,mataura,7.65,79,8,2.12
538,-82.34770969,-86.3131867,ushuaia,2,100,75,2.6
539,-23.70890487,131.8348983,yulara,39,8,0,3.1
540,48.12490212,29.45319605,balta,10.25,83,12,7.97
541,-47.72507141,-148.2268683,mataura,7.65,79,8,2.12
542,29.98855933,-83.26119851,lake city,2,37,90,8.2
543,-88.67863664,3.935784821,hermanus,20.75,53,24,3.67
544,-45.24731562,16.43395256,hermanus,20.75,53,24,3.67
545,-4.16730918,159.1372734,buala,24.75,100,80,2.12
546,-39.12896361,8.36835372,cape town,24,38,0,2.6
547,47.94739882,109.0760935,darhan,8.5,30,8,2.87
548,3.187280766,105.4299299,mersing,30.75,69,0,5.22
549,53.92331584,92.6437124,kuragino,0.85,97,0,1.42
550,-6.96688719,19.1553955,tshikapa,28.4,72,0,1.52
551,10.71639229,-70.9941418,cabimas,25.95,97,0,3.42
552,33.38027534,-25.68404977,vila franca do campo,16,100,75,9.3
553,-43.68950217,102.3739223,busselton,19.35,100,0,8.72
554,56.73045717,159.3882429,esso,-15.4,76,56,3.22
555,-32.24521696,-49.94022558,palmares do sul,19,93,0,1.5
556,-55.27273432,105.525211,albany,-4,53,20,6.7
557,-46.26254805,74.80150544,mahebourg,28,74,90,5.7
558,-25.18507798,-96.20526275,pisco,22,73,0,3.1
559,-45.47066708,155.385946,hobart,26,41,0,6.7
560,72.20047387,126.1610357,tiksi,-31.85,38,12,2.07
561,83.34595693,-85.80470063,qaanaaq,-30.35,65,0,3.37
562,-82.0516235,-91.34252929,punta arenas,6,70,75,6.7
563,-40.8824204,8.935689207,cape town,24,38,0,2.6
564,-83.87881436,72.3807217,taolanaro,,,,
565,-10.37162375,124.2980909,soe,-6,67,40,3.6
566,57.27427023,-108.6147751,meadow lake,-11.15,70,0,1.17
567,3.436065919,100.8945683,sungai besar,33,66,75,3.6
568,-70.14999572,147.879437,hobart,26,41,0,6.7
569,-88.68196939,-128.08549,rikitea,27.6,96,64,6.77
570,-37.80701122,-60.35772346,tres arroyos,14.55,60,0,5.47
571,-64.81518706,161.290263,bluff,30,40,24,3.57
572,-61.34322683,-154.0003952,mataura,7.65,79,8,2.12
573,71.56710622,107.0477523,khatanga,-32.2,40,24,2.67
574,42.74129545,161.9025072,severo-kurilsk,-6.2,100,64,11.32
575,-57.99193353,-120.4261677,rikitea,27.6,96,64,6.77
576,-66.69273294,174.955346,kaitangata,11.05,69,0,6.12
577,-27.10925454,60.1869433,souillac,7,87,0,1.5
578,19.6032687,-92.48698725,carmen,25.75,85,56,1.87
579,32.54971787,56.70727228,tabas,23.2,25,88,4.77
580,-34.15107163,-19.10334293,jamestown,27.9,23,0,3.82
581,1.604499302,12.54767534,oyem,21.25,100,92,0.47
582,-74.97678263,89.74084294,busselton,19.35,100,0,8.72
583,-15.5264159,-51.77039758,barra do garcas,22.45,91,48,1.02
584,77.44320031,-86.51330388,qaanaaq,-30.35,65,0,3.37
585,-59.346862,71.28145028,saint-philippe,-7,41,75,4.6
586,32.14432895,-166.8966824,kapaa,23,94,90,1.87
587,-51.0738531,-115.7781734,rikitea,27.6,96,64,6.77
588,74.37296287,-82.06998906,qaanaaq,-30.35,65,0,3.37
589,-27.26897381,-179.1403426,vaini,28.3,77,80,1.67
590,-43.64297691,2.111300294,cape town,24,38,0,2.6
591,69.40935848,-99.24142664,thompson,-10,61,75,1.5
592,77.30476164,114.1067298,saskylakh,-28.4,56,32,3.97
593,-58.50266899,133.7452652,new norfolk,26,41,0,6.7
594,51.40311516,-26.97071109,lagoa,15,77,75,10.8
595,-2.571462773,-100.1251791,puerto ayora,25.15,100,32,1.17
596,79.89699904,124.9951373,tiksi,-31.85,38,12,2.07
597,-26.21224504,-97.75791126,pisco,22,73,0,3.1
598,-84.74810984,50.67477525,port alfred,20.65,87,48,6.42
599,38.47802329,-151.6779755,kapaa,23,94,90,1.87